Workbook

Sheet Daily Analysis
A1: 🏋 ACTIVITY TRACKER · Daily Analysis Dashboard
A2: Log each workout on its own tab. This sheet adds everything up automatically — just keep the date columns matched.
A3: PROFILE (edit these — everything recalculates)
A4: Body Weight (kg)
A5: Target Weight (kg)
A6: Height (cm)
A8: OVERALL TOTALS
A9: Total Sessions | B9: =B24 -> 0
A10: Total Active Minutes | B10: =C24 -> 0
A11: Total Calories Burned | B11: =D24 -> 0
A12: Active Days | B12: =COUNTIF($J$28:$J$117,">0") -> 0
A13: Avg Min / Active Day | B13: =IF(B12=0,0,ROUND(B10/B12,0)) -> 0
A16: Activity | B16: Sessions | C16: Total Min | D16: Total Cal
A17: Gym | B17: =COUNT(Gym!$A$13:$A$62) -> 0 | C17: =SUM(Gym!$H$13:$H$62) -> 0 | D17: =ROUND(SUM(Gym!$I$13:$I$62),0) -> 0
A18: Workout | B18: =COUNT(Workout!$A$13:$A$62) -> 0 | C18: =SUM(Workout!$D$13:$D$62) -> 0 | D18: =ROUND(SUM(Workout!$E$13:$E$62),0) -> 0
A19: Run | B19: =COUNT(Run!$A$13:$A$62) -> 0 | C19: =SUM(Run!$C$13:$C$62) -> 0 | D19: =ROUND(SUM(Run!$F$13:$F$62),0) -> 0
A20: Walk | B20: =COUNT(Walk!$A$13:$A$62) -> 0 | C20: =SUM(Walk!$C$13:$C$62) -> 0 | D20: =ROUND(SUM(Walk!$F$13:$F$62),0) -> 0
A21: Swim | B21: =COUNT(Swim!$A$13:$A$62) -> 0 | C21: =SUM(Swim!$C$13:$C$62) -> 0 | D21: =ROUND(SUM(Swim!$E$13:$E$62),0) -> 0
A22: Cycle | B22: =COUNT(Cycle!$A$13:$A$62) -> 0 | C22: =SUM(Cycle!$C$13:$C$62) -> 0 | D22: =ROUND(SUM(Cycle!$E$13:$E$62),0) -> 0
A23: Tennis | B23: =COUNT(Tennis!$A$13:$A$62) -> 0 | C23: =SUM(Tennis!$B$13:$B$62) -> 0 | D23: =ROUND(SUM(Tennis!$D$13:$D$62),0) -> 0
A24: TOTAL | B24: =SUM(B17:B23) -> 0 | C24: =SUM(C17:C23) -> 0 | D24: =SUM(D17:D23) -> 0
A25: Sauna (recovery) | B25: =COUNT(Sauna!$A$13:$A$62) -> 0 | C25: =SUM(Sauna!$B$13:$B$62) -> 0 | D25: —
A26: DAILY LOG (auto-calculated from every tab)
A27: Date | B27: Gym | C27: Workout | D27: Run | E27: Walk | F27: Swim | G27: Cycle | H27: Tennis | I27: Sauna | J27: Active Min | K27: Active Cal
A28: 46186 | B28: =SUMIFS(Gym!$H$13:$H$62,Gym!$A$13:$A$62,$A28) -> 0 | C28: =SUMIFS(Workout!$D$13:$D$62,Workout!$A$13:$A$62,$A28) -> 0 | D28: =SUMIFS(Run!$C$13:$C$62,Run!$A$13:$A$62,$A28) -> 0 | E28: =SUMIFS(Walk!$C$13:$C$62,Walk!$A$13:$A$62,$A28) -> 0 | F28: =SUMIFS(Swim!$C$13:$C$62,Swim!$A$13:$A$62,$A28) -> 0 | G28: =SUMIFS(Cycle!$C$13:$C$62,Cycle!$A$13:$A$62,$A28) -> 0 | H28: =SUMIFS(Tennis!$B$13:$B$62,Tennis!$A$13:$A$62,$A28) -> 0 | I28: =SUMIFS(Sauna!$B$13:$B$62,Sauna!$A$13:$A$62,$A28) -> 0 | J28: =SUM(B28:H28) -> 0 | K28: =ROUND(SUMIFS(Gym!$I$13:$I$62,Gym!$A$13:$A$62,$A28)+SUMIFS(Workout!$E$13:$E$62,Workout!$A$13:$A$62,$A28)+SUMIFS(Run!$F$13:$F$62,Run!$A$13:$A$62,$A28)+SUMIFS(Walk!$F$13:$F$62,Walk!$A$13:$A$62,$A28)+SUMIFS(Swim!$E$13:$E$62,Swim!$A$13:$A$62,$A28)+SUMIFS(Cycle!$E$13:$E$62,Cycle!$A$13:$A$62,$A28)+SUMIFS(Tennis!$D$13:$D$62,Tennis!$A$13:$A$62,$A28),0) -> 0
A29: 46187 | B29: =SUMIFS(Gym!$H$13:$H$62,Gym!$A$13:$A$62,$A29) -> 0 | C29: =SUMIFS(Workout!$D$13:$D$62,Workout!$A$13:$A$62,$A29) -> 0 | D29: =SUMIFS(Run!$C$13:$C$62,Run!$A$13:$A$62,$A29) -> 0 | E29: =SUMIFS(Walk!$C$13:$C$62,Walk!$A$13:$A$62,$A29) -> 0 | F29: =SUMIFS(Swim!$C$13:$C$62,Swim!$A$13:$A$62,$A29) -> 0 | G29: =SUMIFS(Cycle!$C$13:$C$62,Cycle!$A$13:$A$62,$A29) -> 0 | H29: =SUMIFS(Tennis!$B$13:$B$62,Tennis!$A$13:$A$62,$A29) -> 0 | I29: =SUMIFS(Sauna!$B$13:$B$62,Sauna!$A$13:$A$62,$A29) -> 0 | J29: =SUM(B29:H29) -> 0 | K29: =ROUND(SUMIFS(Gym!$I$13:$I$62,Gym!$A$13:$A$62,$A29)+SUMIFS(Workout!$E$13:$E$62,Workout!$A$13:$A$62,$A29)+SUMIFS(Run!$F$13:$F$62,Run!$A$13:$A$62,$A29)+SUMIFS(Walk!$F$13:$F$62,Walk!$A$13:$A$62,$A29)+SUMIFS(Swim!$E$13:$E$62,Swim!$A$13:$A$62,$A29)+SUMIFS(Cycle!$E$13:$E$62,Cycle!$A$13:$A$62,$A29)+SUMIFS(Tennis!$D$13:$D$62,Tennis!$A$13:$A$62,$A29),0) -> 0
A30: 46188 | B30: =SUMIFS(Gym!$H$13:$H$62,Gym!$A$13:$A$62,$A30) -> 0 | C30: =SUMIFS(Workout!$D$13:$D$62,Workout!$A$13:$A$62,$A30) -> 0 | D30: =SUMIFS(Run!$C$13:$C$62,Run!$A$13:$A$62,$A30) -> 0 | E30: =SUMIFS(Walk!$C$13:$C$62,Walk!$A$13:$A$62,$A30) -> 0 | F30: =SUMIFS(Swim!$C$13:$C$62,Swim!$A$13:$A$62,$A30) -> 0 | G30: =SUMIFS(Cycle!$C$13:$C$62,Cycle!$A$13:$A$62,$A30) -> 0 | H30: =SUMIFS(Tennis!$B$13:$B$62,Tennis!$A$13:$A$62,$A30) -> 0 | I30: =SUMIFS(Sauna!$B$13:$B$62,Sauna!$A$13:$A$62,$A30) -> 0 | J30: =SUM(B30:H30) -> 0 | K30: =ROUND(SUMIFS(Gym!$I$13:$I$62,Gym!$A$13:$A$62,$A30)+SUMIFS(Workout!$E$13:$E$62,Workout!$A$13:$A$62,$A30)+SUMIFS(Run!$F$13:$F$62,Run!$A$13:$A$62,$A30)+SUMIFS(Walk!$F$13:$F$62,Walk!$A$13:$A$62,$A30)+SUMIFS(Swim!$E$13:$E$62,Swim!$A$13:$A$62,$A30)+SUMIFS(Cycle!$E$13:$E$62,Cycle!$A$13:$A$62,$A30)+SUMIFS(Tennis!$D$13:$D$62,Tennis!$A$13:$A$62,$A30),0) -> 0
A31: 46189 | B31: =SUMIFS(Gym!$H$13:$H$62,Gym!$A$13:$A$62,$A31) -> 0 | C31: =SUMIFS(Workout!$D$13:$D$62,Workout!$A$13:$A$62,$A31) -> 0 | D31: =SUMIFS(Run!$C$13:$C$62,Run!$A$13:$A$62,$A31) -> 0 | E31: =SUMIFS(Walk!$C$13:$C$62,Walk!$A$13:$A$62,$A31) -> 0 | F31: =SUMIFS(Swim!$C$13:$C$62,Swim!$A$13:$A$62,$A31) -> 0 | G31: =SUMIFS(Cycle!$C$13:$C$62,Cycle!$A$13:$A$62,$A31) -> 0 | H31: =SUMIFS(Tennis!$B$13:$B$62,Tennis!$A$13:$A$62,$A31) -> 0 | I31: =SUMIFS(Sauna!$B$13:$B$62,Sauna!$A$13:$A$62,$A31) -> 0 | J31: =SUM(B31:H31) -> 0 | K31: =ROUND(SUMIFS(Gym!$I$13:$I$62,Gym!$A$13:$A$62,$A31)+SUMIFS(Workout!$E$13:$E$62,Workout!$A$13:$A$62,$A31)+SUMIFS(Run!$F$13:$F$62,Run!$A$13:$A$62,$A31)+SUMIFS(Walk!$F$13:$F$62,Walk!$A$13:$A$62,$A31)+SUMIFS(Swim!$E$13:$E$62,Swim!$A$13:$A$62,$A31)+SUMIFS(Cycle!$E$13:$E$62,Cycle!$A$13:$A$62,$A31)+SUMIFS(Tennis!$D$13:$D$62,Tennis!$A$13:$A$62,$A31),0) -> 0
A32: 46190 | B32: =SUMIFS(Gym!$H$13:$H$62,Gym!$A$13:$A$62,$A32) -> 0 | C32: =SUMIFS(Workout!$D$13:$D$62,Workout!$A$13:$A$62,$A32) -> 0 | D32: =SUMIFS(Run!$C$13:$C$62,Run!$A$13:$A$62,$A32) -> 0 | E32: =SUMIFS(Walk!$C$13:$C$62,Walk!$A$13:$A$62,$A32) -> 0 | F32: =SUMIFS(Swim!$C$13:$C$62,Swim!$A$13:$A$62,$A32) -> 0 | G32: =SUMIFS(Cycle!$C$13:$C$62,Cycle!$A$13:$A$62,$A32) -> 0 | H32: =SUMIFS(Tennis!$B$13:$B$62,Tennis!$A$13:$A$62,$A32) -> 0 | I32: =SUMIFS(Sauna!$B$13:$B$62,Sauna!$A$13:$A$62,$A32) -> 0 | J32: =SUM(B32:H32) -> 0 | K32: =ROUND(SUMIFS(Gym!$I$13:$I$62,Gym!$A$13:$A$62,$A32)+SUMIFS(Workout!$E$13:$E$62,Workout!$A$13:$A$62,$A32)+SUMIFS(Run!$F$13:$F$62,Run!$A$13:$A$62,$A32)+SUMIFS(Walk!$F$13:$F$62,Walk!$A$13:$A$62,$A32)+SUMIFS(Swim!$E$13:$E$62,Swim!$A$13:$A$62,$A32)+SUMIFS(Cycle!$E$13:$E$62,Cycle!$A$13:$A$62,$A32)+SUMIFS(Tennis!$D$13:$D$62,Tennis!$A$13:$A$62,$A32),0) -> 0
A33: 46191 | B33: =SUMIFS(Gym!$H$13:$H$62,Gym!$A$13:$A$62,$A33) -> 0 | C33: =SUMIFS(Workout!$D$13:$D$62,Workout!$A$13:$A$62,$A33) -> 0 | D33: =SUMIFS(Run!$C$13:$C$62,Run!$A$13:$A$62,$A33) -> 0 | E33: =SUMIFS(Walk!$C$13:$C$62,Walk!$A$13:$A$62,$A33) -> 0 | F33: =SUMIFS(Swim!$C$13:$C$62,Swim!$A$13:$A$62,$A33) -> 0 | G33: =SUMIFS(Cycle!$C$13:$C$62,Cycle!$A$13:$A$62,$A33) -> 0 | H33: =SUMIFS(Tennis!$B$13:$B$62,Tennis!$A$13:$A$62,$A33) -> 0 | I33: =SUMIFS(Sauna!$B$13:$B$62,Sauna!$A$13:$A$62,$A33) -> 0 | J33: =SUM(B33:H33) -> 0 | K33: =ROUND(SUMIFS(Gym!$I$13:$I$62,Gym!$A$13:$A$62,$A33)+SUMIFS(Workout!$E$13:$E$62,Workout!$A$13:$A$62,$A33)+SUMIFS(Run!$F$13:$F$62,Run!$A$13:$A$62,$A33)+SUMIFS(Walk!$F$13:$F$62,Walk!$A$13:$A$62,$A33)+SUMIFS(Swim!$E$13:$E$62,Swim!$A$13:$A$62,$A33)+SUMIFS(Cycle!$E$13:$E$62,Cycle!$A$13:$A$62,$A33)+SUMIFS(Tennis!$D$13:$D$62,Tennis!$A$13:$A$62,$A33),0) -> 0
A34: 46192 | B34: =SUMIFS(Gym!$H$13:$H$62,Gym!$A$13:$A$62,$A34) -> 0 | C34: =SUMIFS(Workout!$D$13:$D$62,Workout!$A$13:$A$62,$A34) -> 0 | D34: =SUMIFS(Run!$C$13:$C$62,Run!$A$13:$A$62,$A34) -> 0 | E34: =SUMIFS(Walk!$C$13:$C$62,Walk!$A$13:$A$62,$A34) -> 0 | F34: =SUMIFS(Swim!$C$13:$C$62,Swim!$A$13:$A$62,$A34) -> 0 | G34: =SUMIFS(Cycle!$C$13:$C$62,Cycle!$A$13:$A$62,$A34) -> 0 | H34: =SUMIFS(Tennis!$B$13:$B$62,Tennis!$A$13:$A$62,$A34) -> 0 | I34: =SUMIFS(Sauna!$B$13:$B$62,Sauna!$A$13:$A$62,$A34) -> 0 | J34: =SUM(B34:H34) -> 0 | K34: =ROUND(SUMIFS(Gym!$I$13:$I$62,Gym!$A$13:$A$62,$A34)+SUMIFS(Workout!$E$13:$E$62,Workout!$A$13:$A$62,$A34)+SUMIFS(Run!$F$13:$F$62,Run!$A$13:$A$62,$A34)+SUMIFS(Walk!$F$13:$F$62,Walk!$A$13:$A$62,$A34)+SUMIFS(Swim!$E$13:$E$62,Swim!$A$13:$A$62,$A34)+SUMIFS(Cycle!$E$13:$E$62,Cycle!$A$13:$A$62,$A34)+SUMIFS(Tennis!$D$13:$D$62,Tennis!$A$13:$A$62,$A34),0) -> 0
A35: 46193 | B35: =SUMIFS(Gym!$H$13:$H$62,Gym!$A$13:$A$62,$A35) -> 0 | C35: =SUMIFS(Workout!$D$13:$D$62,Workout!$A$13:$A$62,$A35) -> 0 | D35: =SUMIFS(Run!$C$13:$C$62,Run!$A$13:$A$62,$A35) -> 0 | E35: =SUMIFS(Walk!$C$13:$C$62,Walk!$A$13:$A$62,$A35) -> 0 | F35: =SUMIFS(Swim!$C$13:$C$62,Swim!$A$13:$A$62,$A35) -> 0 | G35: =SUMIFS(Cycle!$C$13:$C$62,Cycle!$A$13:$A$62,$A35) -> 0 | H35: =SUMIFS(Tennis!$B$13:$B$62,Tennis!$A$13:$A$62,$A35) -> 0 | I35: =SUMIFS(Sauna!$B$13:$B$62,Sauna!$A$13:$A$62,$A35) -> 0 | J35: =SUM(B35:H35) -> 0 | K35: =ROUND(SUMIFS(Gym!$I$13:$I$62,Gym!$A$13:$A$62,$A35)+SUMIFS(Workout!$E$13:$E$62,Workout!$A$13:$A$62,$A35)+SUMIFS(Run!$F$13:$F$62,Run!$A$13:$A$62,$A35)+SUMIFS(Walk!$F$13:$F$62,Walk!$A$13:$A$62,$A35)+SUMIFS(Swim!$E$13:$E$62,Swim!$A$13:$A$62,$A35)+SUMIFS(Cycle!$E$13:$E$62,Cycle!$A$13:$A$62,$A35)+SUMIFS(Tennis!$D$13:$D$62,Tennis!$A$13:$A$62,$A35),0) -> 0
A36: 46194 | B36: =SUMIFS(Gym!$H$13:$H$62,Gym!$A$13:$A$62,$A36) -> 0 | C36: =SUMIFS(Workout!$D$13:$D$62,Workout!$A$13:$A$62,$A36) -> 0 | D36: =SUMIFS(Run!$C$13:$C$62,Run!$A$13:$A$62,$A36) -> 0 | E36: =SUMIFS(Walk!$C$13:$C$62,Walk!$A$13:$A$62,$A36) -> 0 | F36: =SUMIFS(Swim!$C$13:$C$62,Swim!$A$13:$A$62,$A36) -> 0 | G36: =SUMIFS(Cycle!$C$13:$C$62,Cycle!$A$13:$A$62,$A36) -> 0 | H36: =SUMIFS(Tennis!$B$13:$B$62,Tennis!$A$13:$A$62,$A36) -> 0 | I36: =SUMIFS(Sauna!$B$13:$B$62,Sauna!$A$13:$A$62,$A36) -> 0 | J36: =SUM(B36:H36) -> 0 | K36: =ROUND(SUMIFS(Gym!$I$13:$I$62,Gym!$A$13:$A$62,$A36)+SUMIFS(Workout!$E$13:$E$62,Workout!$A$13:$A$62,$A36)+SUMIFS(Run!$F$13:$F$62,Run!$A$13:$A$62,$A36)+SUMIFS(Walk!$F$13:$F$62,Walk!$A$13:$A$62,$A36)+SUMIFS(Swim!$E$13:$E$62,Swim!$A$13:$A$62,$A36)+SUMIFS(Cycle!$E$13:$E$62,Cycle!$A$13:$A$62,$A36)+SUMIFS(Tennis!$D$13:$D$62,Tennis!$A$13:$A$62,$A36),0) -> 0
A37: 46195 | B37: =SUMIFS(Gym!$H$13:$H$62,Gym!$A$13:$A$62,$A37) -> 0 | C37: =SUMIFS(Workout!$D$13:$D$62,Workout!$A$13:$A$62,$A37) -> 0 | D37: =SUMIFS(Run!$C$13:$C$62,Run!$A$13:$A$62,$A37) -> 0 | E37: =SUMIFS(Walk!$C$13:$C$62,Walk!$A$13:$A$62,$A37) -> 0 | F37: =SUMIFS(Swim!$C$13:$C$62,Swim!$A$13:$A$62,$A37) -> 0 | G37: =SUMIFS(Cycle!$C$13:$C$62,Cycle!$A$13:$A$62,$A37) -> 0 | H37: =SUMIFS(Tennis!$B$13:$B$62,Tennis!$A$13:$A$62,$A37) -> 0 | I37: =SUMIFS(Sauna!$B$13:$B$62,Sauna!$A$13:$A$62,$A37) -> 0 | J37: =SUM(B37:H37) -> 0 | K37: =ROUND(SUMIFS(Gym!$I$13:$I$62,Gym!$A$13:$A$62,$A37)+SUMIFS(Workout!$E$13:$E$62,Workout!$A$13:$A$62,$A37)+SUMIFS(Run!$F$13:$F$62,Run!$A$13:$A$62,$A37)+SUMIFS(Walk!$F$13:$F$62,Walk!$A$13:$A$62,$A37)+SUMIFS(Swim!$E$13:$E$62,Swim!$A$13:$A$62,$A37)+SUMIFS(Cycle!$E$13:$E$62,Cycle!$A$13:$A$62,$A37)+SUMIFS(Tennis!$D$13:$D$62,Tennis!$A$13:$A$62,$A37),0) -> 0
A38: 46196 | B38: =SUMIFS(Gym!$H$13:$H$62,Gym!$A$13:$A$62,$A38) -> 0 | C38: =SUMIFS(Workout!$D$13:$D$62,Workout!$A$13:$A$62,$A38) -> 0 | D38: =SUMIFS(Run!$C$13:$C$62,Run!$A$13:$A$62,$A38) -> 0 | E38: =SUMIFS(Walk!$C$13:$C$62,Walk!$A$13:$A$62,$A38) -> 0 | F38: =SUMIFS(Swim!$C$13:$C$62,Swim!$A$13:$A$62,$A38) -> 0 | G38: =SUMIFS(Cycle!$C$13:$C$62,Cycle!$A$13:$A$62,$A38) -> 0 | H38: =SUMIFS(Tennis!$B$13:$B$62,Tennis!$A$13:$A$62,$A38) -> 0 | I38: =SUMIFS(Sauna!$B$13:$B$62,Sauna!$A$13:$A$62,$A38) -> 0 | J38: =SUM(B38:H38) -> 0 | K38: =ROUND(SUMIFS(Gym!$I$13:$I$62,Gym!$A$13:$A$62,$A38)+SUMIFS(Workout!$E$13:$E$62,Workout!$A$13:$A$62,$A38)+SUMIFS(Run!$F$13:$F$62,Run!$A$13:$A$62,$A38)+SUMIFS(Walk!$F$13:$F$62,Walk!$A$13:$A$62,$A38)+SUMIFS(Swim!$E$13:$E$62,Swim!$A$13:$A$62,$A38)+SUMIFS(Cycle!$E$13:$E$62,Cycle!$A$13:$A$62,$A38)+SUMIFS(Tennis!$D$13:$D$62,Tennis!$A$13:$A$62,$A38),0) -> 0
A39: 46197 | B39: =SUMIFS(Gym!$H$13:$H$62,Gym!$A$13:$A$62,$A39) -> 0 | C39: =SUMIFS(Workout!$D$13:$D$62,Workout!$A$13:$A$62,$A39) -> 0 | D39: =SUMIFS(Run!$C$13:$C$62,Run!$A$13:$A$62,$A39) -> 0 | E39: =SUMIFS(Walk!$C$13:$C$62,Walk!$A$13:$A$62,$A39) -> 0 | F39: =SUMIFS(Swim!$C$13:$C$62,Swim!$A$13:$A$62,$A39) -> 0 | G39: =SUMIFS(Cycle!$C$13:$C$62,Cycle!$A$13:$A$62,$A39) -> 0 | H39: =SUMIFS(Tennis!$B$13:$B$62,Tennis!$A$13:$A$62,$A39) -> 0 | I39: =SUMIFS(Sauna!$B$13:$B$62,Sauna!$A$13:$A$62,$A39) -> 0 | J39: =SUM(B39:H39) -> 0 | K39: =ROUND(SUMIFS(Gym!$I$13:$I$62,Gym!$A$13:$A$62,$A39)+SUMIFS(Workout!$E$13:$E$62,Workout!$A$13:$A$62,$A39)+SUMIFS(Run!$F$13:$F$62,Run!$A$13:$A$62,$A39)+SUMIFS(Walk!$F$13:$F$62,Walk!$A$13:$A$62,$A39)+SUMIFS(Swim!$E$13:$E$62,Swim!$A$13:$A$62,$A39)+SUMIFS(Cycle!$E$13:$E$62,Cycle!$A$13:$A$62,$A39)+SUMIFS(Tennis!$D$13:$D$62,Tennis!$A$13:$A$62,$A39),0) -> 0
... A117: 46275 | B117: =SUMIFS(Gym!$H$13:$H$62,Gym!$A$13:$A$62,$A117) -> 0 | C117: =SUMIFS(Workout!$D$13:$D$62,Workout!$A$13:$A$62,$A117) -> 0 | D117: =SUMIFS(Run!$C$13:$C$62,Run!$A$13:$A$62,$A117) -> 0 | E117: =SUMIFS(Walk!$C$13:$C$62,Walk!$A$13:$A$62,$A117) -> 0 | F117: =SUMIFS(Swim!$C$13:$C$62,Swim!$A$13:$A$62,$A117) -> 0 | G117: =SUMIFS(Cycle!$C$13:$C$62,Cycle!$A$13:$A$62,$A117) -> 0 | H117: =SUMIFS(Tennis!$B$13:$B$62,Tennis!$A$13:$A$62,$A117) -> 0 | I117: =SUMIFS(Sauna!$B$13:$B$62,Sauna!$A$13:$A$62,$A117) -> 0 | J117: =SUM(B117:H117) -> 0 | K117: =ROUND(SUMIFS(Gym!$I$13:$I$62,Gym!$A$13:$A$62,$A117)+SUMIFS(Workout!$E$13:$E$62,Workout!$A$13:$A$62,$A117)+SUMIFS(Run!$F$13:$F$62,Run!$A$13:$A$62,$A117)+SUMIFS(Walk!$F$13:$F$62,Walk!$A$13:$A$62,$A117)+SUMIFS(Swim!$E$13:$E$62,Swim!$A$13:$A$62,$A117)+SUMIFS(Cycle!$E$13:$E$62,Cycle!$A$13:$A$62,$A117)+SUMIFS(Tennis!$D$13:$D$62,Tennis!$A$13:$A$62,$A117),0) -> 0

Sheet Gym
A1: Gym Log
A2: Fill the white columns; coloured columns calculate themselves.
A4: SUMMARY & SETTINGS | D4: Strength MET | E4: 5.5
A5: Sessions | B5: =COUNT(A13:A62) -> 0
A6: Total Minutes | B6: =SUM(H13:H62) -> 0
A7: Total Calories | B7: =ROUND(SUM(I13:I62),0) -> 0
C8: Squat | D8: Bench | E8: Dead | F8: OHP | G8: Row
B9: Best (kg) → | C9: =IF(COUNT(C13:C62)=0,"",MAX(C13:C62)) | D9: =IF(COUNT(D13:D62)=0,"",MAX(D13:D62)) | E9: =IF(COUNT(E13:E62)=0,"",MAX(E13:E62)) | F9: =IF(COUNT(F13:F62)=0,"",MAX(F13:F62)) | G9: =IF(COUNT(G13:G62)=0,"",MAX(G13:G62))
B10: Latest (kg) → | C10: =IFERROR(LOOKUP(2,1/(C13:C62<>""),C13:C62),"") | D10: =IFERROR(LOOKUP(2,1/(D13:D62<>""),D13:D62),"") | E10: =IFERROR(LOOKUP(2,1/(E13:E62<>""),E13:E62),"") | F10: =IFERROR(LOOKUP(2,1/(F13:F62<>""),F13:F62),"") | G10: =IFERROR(LOOKUP(2,1/(G13:G62<>""),G13:G62),"")
A12: Date | B12: Focus | C12: Squat (kg) | D12: Bench (kg) | E12: Deadlift (kg) | F12: OHP (kg) | G12: Row (kg) | H12: Duration (min) | I12: Calories | J12: RPE | K12: Notes
I13: =IF($H13="","",$E$4*3.5*'Daily Analysis'!$B$4/200*$H13)
I14: =IF($H14="","",$E$4*3.5*'Daily Analysis'!$B$4/200*$H14)
I15: =IF($H15="","",$E$4*3.5*'Daily Analysis'!$B$4/200*$H15)
I16: =IF($H16="","",$E$4*3.5*'Daily Analysis'!$B$4/200*$H16)
I17: =IF($H17="","",$E$4*3.5*'Daily Analysis'!$B$4/200*$H17)
I18: =IF($H18="","",$E$4*3.5*'Daily Analysis'!$B$4/200*$H18)
I19: =IF($H19="","",$E$4*3.5*'Daily Analysis'!$B$4/200*$H19)
I20: =IF($H20="","",$E$4*3.5*'Daily Analysis'!$B$4/200*$H20)
I21: =IF($H21="","",$E$4*3.5*'Daily Analysis'!$B$4/200*$H21)
I22: =IF($H22="","",$E$4*3.5*'Daily Analysis'!$B$4/200*$H22)
I23: =IF($H23="","",$E$4*3.5*'Daily Analysis'!$B$4/200*$H23)
I24: =IF($H24="","",$E$4*3.5*'Daily Analysis'!$B$4/200*$H24)
... I62: =IF($H62="","",$E$4*3.5*'Daily Analysis'!$B$4/200*$H62)

Sheet Workout
A1: Workout Log
A2: Fill the white columns; coloured columns calculate themselves.
A4: SUMMARY & SETTINGS | D4: MET per row → (yoga≈3, HIIT≈8, mobility≈2.5)
A5: Sessions | B5: =COUNT(A13:A62) -> 0
A6: Total Minutes | B6: =SUM(D13:D62) -> 0
A7: Total Calories | B7: =ROUND(SUM(E13:E62),0) -> 0
A12: Date | B12: Type | C12: MET | D12: Duration (min) | E12: Calories | F12: RPE | G12: Notes
E13: =IF(OR($A13="",$D13="",$C13=""),"",$C13*3.5*'Daily Analysis'!$B$4/200*$D13)
E14: =IF(OR($A14="",$D14="",$C14=""),"",$C14*3.5*'Daily Analysis'!$B$4/200*$D14)
E15: =IF(OR($A15="",$D15="",$C15=""),"",$C15*3.5*'Daily Analysis'!$B$4/200*$D15)
E16: =IF(OR($A16="",$D16="",$C16=""),"",$C16*3.5*'Daily Analysis'!$B$4/200*$D16)
E17: =IF(OR($A17="",$D17="",$C17=""),"",$C17*3.5*'Daily Analysis'!$B$4/200*$D17)
E18: =IF(OR($A18="",$D18="",$C18=""),"",$C18*3.5*'Daily Analysis'!$B$4/200*$D18)
E19: =IF(OR($A19="",$D19="",$C19=""),"",$C19*3.5*'Daily Analysis'!$B$4/200*$D19)
E20: =IF(OR($A20="",$D20="",$C20=""),"",$C20*3.5*'Daily Analysis'!$B$4/200*$D20)
E21: =IF(OR($A21="",$D21="",$C21=""),"",$C21*3.5*'Daily Analysis'!$B$4/200*$D21)
E22: =IF(OR($A22="",$D22="",$C22=""),"",$C22*3.5*'Daily Analysis'!$B$4/200*$D22)
E23: =IF(OR($A23="",$D23="",$C23=""),"",$C23*3.5*'Daily Analysis'!$B$4/200*$D23)
E24: =IF(OR($A24="",$D24="",$C24=""),"",$C24*3.5*'Daily Analysis'!$B$4/200*$D24)
... E62: =IF(OR($A62="",$D62="",$C62=""),"",$C62*3.5*'Daily Analysis'!$B$4/200*$D62)

Sheet Run
A1: Run Log
A2: Fill the white columns; coloured columns calculate themselves.
A4: SUMMARY & SETTINGS | D4: Run MET | E4: 9
A5: Sessions | B5: =COUNT(A13:A62) -> 0 | D5: Best Pace (min/km) | E5: =IF(COUNT(B13:B62)=0,"",MIN(D13:D62))
A6: Total Distance (km) | B6: =SUM(B13:B62) -> 0 | D6: Longest Run (km) | E6: =IF(COUNT(B13:B62)=0,"",MAX(B13:B62))
A7: Total Calories | B7: =ROUND(SUM(F13:F62),0) -> 0 | D7: Avg Speed (km/h) | E7: =IF(COUNT(E13:E62)=0,"",AVERAGE(E13:E62))
A12: Date | B12: Distance (km) | C12: Duration (min) | D12: Pace (min/km) | E12: Speed (km/h) | F12: Calories | G12: RPE | H12: Notes
D13: =IF(OR($B13="",$C13="",$B13=0),"",$C13/$B13) | E13: =IF(OR($B13="",$C13="",$C13=0),"",$B13/($C13/60)) | F13: =IF($C13="","",$E$4*3.5*'Daily Analysis'!$B$4/200*$C13)
D14: =IF(OR($B14="",$C14="",$B14=0),"",$C14/$B14) | E14: =IF(OR($B14="",$C14="",$C14=0),"",$B14/($C14/60)) | F14: =IF($C14="","",$E$4*3.5*'Daily Analysis'!$B$4/200*$C14)
D15: =IF(OR($B15="",$C15="",$B15=0),"",$C15/$B15) | E15: =IF(OR($B15="",$C15="",$C15=0),"",$B15/($C15/60)) | F15: =IF($C15="","",$E$4*3.5*'Daily Analysis'!$B$4/200*$C15)
D16: =IF(OR($B16="",$C16="",$B16=0),"",$C16/$B16) | E16: =IF(OR($B16="",$C16="",$C16=0),"",$B16/($C16/60)) | F16: =IF($C16="","",$E$4*3.5*'Daily Analysis'!$B$4/200*$C16)
D17: =IF(OR($B17="",$C17="",$B17=0),"",$C17/$B17) | E17: =IF(OR($B17="",$C17="",$C17=0),"",$B17/($C17/60)) | F17: =IF($C17="","",$E$4*3.5*'Daily Analysis'!$B$4/200*$C17)
D18: =IF(OR($B18="",$C18="",$B18=0),"",$C18/$B18) | E18: =IF(OR($B18="",$C18="",$C18=0),"",$B18/($C18/60)) | F18: =IF($C18="","",$E$4*3.5*'Daily Analysis'!$B$4/200*$C18)
D19: =IF(OR($B19="",$C19="",$B19=0),"",$C19/$B19) | E19: =IF(OR($B19="",$C19="",$C19=0),"",$B19/($C19/60)) | F19: =IF($C19="","",$E$4*3.5*'Daily Analysis'!$B$4/200*$C19)
D20: =IF(OR($B20="",$C20="",$B20=0),"",$C20/$B20) | E20: =IF(OR($B20="",$C20="",$C20=0),"",$B20/($C20/60)) | F20: =IF($C20="","",$E$4*3.5*'Daily Analysis'!$B$4/200*$C20)
D21: =IF(OR($B21="",$C21="",$B21=0),"",$C21/$B21) | E21: =IF(OR($B21="",$C21="",$C21=0),"",$B21/($C21/60)) | F21: =IF($C21="","",$E$4*3.5*'Daily Analysis'!$B$4/200*$C21)
D22: =IF(OR($B22="",$C22="",$B22=0),"",$C22/$B22) | E22: =IF(OR($B22="",$C22="",$C22=0),"",$B22/($C22/60)) | F22: =IF($C22="","",$E$4*3.5*'Daily Analysis'!$B$4/200*$C22)
D23: =IF(OR($B23="",$C23="",$B23=0),"",$C23/$B23) | E23: =IF(OR($B23="",$C23="",$C23=0),"",$B23/($C23/60)) | F23: =IF($C23="","",$E$4*3.5*'Daily Analysis'!$B$4/200*$C23)
D24: =IF(OR($B24="",$C24="",$B24=0),"",$C24/$B24) | E24: =IF(OR($B24="",$C24="",$C24=0),"",$B24/($C24/60)) | F24: =IF($C24="","",$E$4*3.5*'Daily Analysis'!$B$4/200*$C24)
... D62: =IF(OR($B62="",$C62="",$B62=0),"",$C62/$B62) | E62: =IF(OR($B62="",$C62="",$C62=0),"",$B62/($C62/60)) | F62: =IF($C62="","",$E$4*3.5*'Daily Analysis'!$B$4/200*$C62)

Sheet Walk
A1: Walk Log
A2: Fill the white columns; coloured columns calculate themselves.
A4: SUMMARY & SETTINGS | D4: Walk MET | E4: 3.5
A5: Sessions | B5: =COUNT(A13:A62) -> 0 | D5: Total Steps | E5: =SUM(G13:G62) -> 0
A6: Total Distance (km) | B6: =SUM(B13:B62) -> 0 | D6: Longest Walk (km) | E6: =IF(COUNT(B13:B62)=0,"",MAX(B13:B62))
A7: Total Calories | B7: =ROUND(SUM(F13:F62),0) -> 0 | D7: Avg Speed (km/h) | E7: =IF(COUNT(D13:D62)=0,"",AVERAGE(D13:D62))
A12: Date | B12: Distance (km) | C12: Duration (min) | D12: Speed (km/h) | E12: Pace (min/km) | F12: Calories | G12: Steps | H12: Notes
D13: =IF(OR($B13="",$C13="",$C13=0),"",$B13/($C13/60)) | E13: =IF(OR($B13="",$C13="",$B13=0),"",$C13/$B13) | F13: =IF($C13="","",$E$4*3.5*'Daily Analysis'!$B$4/200*$C13)
D14: =IF(OR($B14="",$C14="",$C14=0),"",$B14/($C14/60)) | E14: =IF(OR($B14="",$C14="",$B14=0),"",$C14/$B14) | F14: =IF($C14="","",$E$4*3.5*'Daily Analysis'!$B$4/200*$C14)
D15: =IF(OR($B15="",$C15="",$C15=0),"",$B15/($C15/60)) | E15: =IF(OR($B15="",$C15="",$B15=0),"",$C15/$B15) | F15: =IF($C15="","",$E$4*3.5*'Daily Analysis'!$B$4/200*$C15)
D16: =IF(OR($B16="",$C16="",$C16=0),"",$B16/($C16/60)) | E16: =IF(OR($B16="",$C16="",$B16=0),"",$C16/$B16) | F16: =IF($C16="","",$E$4*3.5*'Daily Analysis'!$B$4/200*$C16)
D17: =IF(OR($B17="",$C17="",$C17=0),"",$B17/($C17/60)) | E17: =IF(OR($B17="",$C17="",$B17=0),"",$C17/$B17) | F17: =IF($C17="","",$E$4*3.5*'Daily Analysis'!$B$4/200*$C17)
D18: =IF(OR($B18="",$C18="",$C18=0),"",$B18/($C18/60)) | E18: =IF(OR($B18="",$C18="",$B18=0),"",$C18/$B18) | F18: =IF($C18="","",$E$4*3.5*'Daily Analysis'!$B$4/200*$C18)
D19: =IF(OR($B19="",$C19="",$C19=0),"",$B19/($C19/60)) | E19: =IF(OR($B19="",$C19="",$B19=0),"",$C19/$B19) | F19: =IF($C19="","",$E$4*3.5*'Daily Analysis'!$B$4/200*$C19)
D20: =IF(OR($B20="",$C20="",$C20=0),"",$B20/($C20/60)) | E20: =IF(OR($B20="",$C20="",$B20=0),"",$C20/$B20) | F20: =IF($C20="","",$E$4*3.5*'Daily Analysis'!$B$4/200*$C20)
D21: =IF(OR($B21="",$C21="",$C21=0),"",$B21/($C21/60)) | E21: =IF(OR($B21="",$C21="",$B21=0),"",$C21/$B21) | F21: =IF($C21="","",$E$4*3.5*'Daily Analysis'!$B$4/200*$C21)
D22: =IF(OR($B22="",$C22="",$C22=0),"",$B22/($C22/60)) | E22: =IF(OR($B22="",$C22="",$B22=0),"",$C22/$B22) | F22: =IF($C22="","",$E$4*3.5*'Daily Analysis'!$B$4/200*$C22)
D23: =IF(OR($B23="",$C23="",$C23=0),"",$B23/($C23/60)) | E23: =IF(OR($B23="",$C23="",$B23=0),"",$C23/$B23) | F23: =IF($C23="","",$E$4*3.5*'Daily Analysis'!$B$4/200*$C23)
D24: =IF(OR($B24="",$C24="",$C24=0),"",$B24/($C24/60)) | E24: =IF(OR($B24="",$C24="",$B24=0),"",$C24/$B24) | F24: =IF($C24="","",$E$4*3.5*'Daily Analysis'!$B$4/200*$C24)
... D62: =IF(OR($B62="",$C62="",$C62=0),"",$B62/($C62/60)) | E62: =IF(OR($B62="",$C62="",$B62=0),"",$C62/$B62) | F62: =IF($C62="","",$E$4*3.5*'Daily Analysis'!$B$4/200*$C62)

Sheet Swim
A1: Swim Log
A2: Fill the white columns; coloured columns calculate themselves.
A4: SUMMARY & SETTINGS | D4: Swim MET | E4: 7
A5: Sessions | B5: =COUNT(A13:A62) -> 0 | D5: Best Pace (/100m) | E5: =IF(COUNT(B13:B62)=0,"",MIN(D13:D62))
A6: Total Distance (m) | B6: =SUM(B13:B62) -> 0 | D6: Longest Swim (m) | E6: =IF(COUNT(B13:B62)=0,"",MAX(B13:B62))
A7: Total Calories | B7: =ROUND(SUM(E13:E62),0) -> 0
A12: Date | B12: Distance (m) | C12: Duration (min) | D12: Pace (min/100m) | E12: Calories | F12: RPE | G12: Notes
D13: =IF(OR($B13="",$C13="",$B13=0),"",$C13/($B13/100)) | E13: =IF($C13="","",$E$4*3.5*'Daily Analysis'!$B$4/200*$C13)
D14: =IF(OR($B14="",$C14="",$B14=0),"",$C14/($B14/100)) | E14: =IF($C14="","",$E$4*3.5*'Daily Analysis'!$B$4/200*$C14)
D15: =IF(OR($B15="",$C15="",$B15=0),"",$C15/($B15/100)) | E15: =IF($C15="","",$E$4*3.5*'Daily Analysis'!$B$4/200*$C15)
D16: =IF(OR($B16="",$C16="",$B16=0),"",$C16/($B16/100)) | E16: =IF($C16="","",$E$4*3.5*'Daily Analysis'!$B$4/200*$C16)
D17: =IF(OR($B17="",$C17="",$B17=0),"",$C17/($B17/100)) | E17: =IF($C17="","",$E$4*3.5*'Daily Analysis'!$B$4/200*$C17)
D18: =IF(OR($B18="",$C18="",$B18=0),"",$C18/($B18/100)) | E18: =IF($C18="","",$E$4*3.5*'Daily Analysis'!$B$4/200*$C18)
D19: =IF(OR($B19="",$C19="",$B19=0),"",$C19/($B19/100)) | E19: =IF($C19="","",$E$4*3.5*'Daily Analysis'!$B$4/200*$C19)
D20: =IF(OR($B20="",$C20="",$B20=0),"",$C20/($B20/100)) | E20: =IF($C20="","",$E$4*3.5*'Daily Analysis'!$B$4/200*$C20)
D21: =IF(OR($B21="",$C21="",$B21=0),"",$C21/($B21/100)) | E21: =IF($C21="","",$E$4*3.5*'Daily Analysis'!$B$4/200*$C21)
D22: =IF(OR($B22="",$C22="",$B22=0),"",$C22/($B22/100)) | E22: =IF($C22="","",$E$4*3.5*'Daily Analysis'!$B$4/200*$C22)
D23: =IF(OR($B23="",$C23="",$B23=0),"",$C23/($B23/100)) | E23: =IF($C23="","",$E$4*3.5*'Daily Analysis'!$B$4/200*$C23)
D24: =IF(OR($B24="",$C24="",$B24=0),"",$C24/($B24/100)) | E24: =IF($C24="","",$E$4*3.5*'Daily Analysis'!$B$4/200*$C24)
... D62: =IF(OR($B62="",$C62="",$B62=0),"",$C62/($B62/100)) | E62: =IF($C62="","",$E$4*3.5*'Daily Analysis'!$B$4/200*$C62)

Sheet Cycle
A1: Cycle Log
A2: Fill the white columns; coloured columns calculate themselves.
A4: SUMMARY & SETTINGS | D4: Cycle MET | E4: 6.8
A5: Sessions | B5: =COUNT(A13:A62) -> 0 | D5: Avg Speed (km/h) | E5: =IF(COUNT(D13:D62)=0,"",AVERAGE(D13:D62))
A6: Total Distance (km) | B6: =SUM(B13:B62) -> 0 | D6: Longest Ride (km) | E6: =IF(COUNT(B13:B62)=0,"",MAX(B13:B62))
A7: Total Calories | B7: =ROUND(SUM(E13:E62),0) -> 0
A12: Date | B12: Distance (km) | C12: Duration (min) | D12: Speed (km/h) | E12: Calories | F12: RPE | G12: Notes
D13: =IF(OR($B13="",$C13="",$C13=0),"",$B13/($C13/60)) | E13: =IF($C13="","",$E$4*3.5*'Daily Analysis'!$B$4/200*$C13)
D14: =IF(OR($B14="",$C14="",$C14=0),"",$B14/($C14/60)) | E14: =IF($C14="","",$E$4*3.5*'Daily Analysis'!$B$4/200*$C14)
D15: =IF(OR($B15="",$C15="",$C15=0),"",$B15/($C15/60)) | E15: =IF($C15="","",$E$4*3.5*'Daily Analysis'!$B$4/200*$C15)
D16: =IF(OR($B16="",$C16="",$C16=0),"",$B16/($C16/60)) | E16: =IF($C16="","",$E$4*3.5*'Daily Analysis'!$B$4/200*$C16)
D17: =IF(OR($B17="",$C17="",$C17=0),"",$B17/($C17/60)) | E17: =IF($C17="","",$E$4*3.5*'Daily Analysis'!$B$4/200*$C17)
D18: =IF(OR($B18="",$C18="",$C18=0),"",$B18/($C18/60)) | E18: =IF($C18="","",$E$4*3.5*'Daily Analysis'!$B$4/200*$C18)
D19: =IF(OR($B19="",$C19="",$C19=0),"",$B19/($C19/60)) | E19: =IF($C19="","",$E$4*3.5*'Daily Analysis'!$B$4/200*$C19)
D20: =IF(OR($B20="",$C20="",$C20=0),"",$B20/($C20/60)) | E20: =IF($C20="","",$E$4*3.5*'Daily Analysis'!$B$4/200*$C20)
D21: =IF(OR($B21="",$C21="",$C21=0),"",$B21/($C21/60)) | E21: =IF($C21="","",$E$4*3.5*'Daily Analysis'!$B$4/200*$C21)
D22: =IF(OR($B22="",$C22="",$C22=0),"",$B22/($C22/60)) | E22: =IF($C22="","",$E$4*3.5*'Daily Analysis'!$B$4/200*$C22)
D23: =IF(OR($B23="",$C23="",$C23=0),"",$B23/($C23/60)) | E23: =IF($C23="","",$E$4*3.5*'Daily Analysis'!$B$4/200*$C23)
D24: =IF(OR($B24="",$C24="",$C24=0),"",$B24/($C24/60)) | E24: =IF($C24="","",$E$4*3.5*'Daily Analysis'!$B$4/200*$C24)
... D62: =IF(OR($B62="",$C62="",$C62=0),"",$B62/($C62/60)) | E62: =IF($C62="","",$E$4*3.5*'Daily Analysis'!$B$4/200*$C62)

Sheet Tennis
A1: Tennis Log
A2: Fill the white columns; coloured columns calculate themselves.
A4: SUMMARY & SETTINGS | D4: Tennis MET | E4: 6.5
A5: Sessions | B5: =COUNT(A13:A62) -> 0
A6: Total Minutes | B6: =SUM(B13:B62) -> 0
A7: Total Calories | B7: =ROUND(SUM(D13:D62),0) -> 0
A12: Date | B12: Duration (min) | C12: Type | D12: Calories | E12: RPE | F12: Notes
D13: =IF($B13="","",$E$4*3.5*'Daily Analysis'!$B$4/200*$B13)
D14: =IF($B14="","",$E$4*3.5*'Daily Analysis'!$B$4/200*$B14)
D15: =IF($B15="","",$E$4*3.5*'Daily Analysis'!$B$4/200*$B15)
D16: =IF($B16="","",$E$4*3.5*'Daily Analysis'!$B$4/200*$B16)
D17: =IF($B17="","",$E$4*3.5*'Daily Analysis'!$B$4/200*$B17)
D18: =IF($B18="","",$E$4*3.5*'Daily Analysis'!$B$4/200*$B18)
D19: =IF($B19="","",$E$4*3.5*'Daily Analysis'!$B$4/200*$B19)
D20: =IF($B20="","",$E$4*3.5*'Daily Analysis'!$B$4/200*$B20)
D21: =IF($B21="","",$E$4*3.5*'Daily Analysis'!$B$4/200*$B21)
D22: =IF($B22="","",$E$4*3.5*'Daily Analysis'!$B$4/200*$B22)
D23: =IF($B23="","",$E$4*3.5*'Daily Analysis'!$B$4/200*$B23)
D24: =IF($B24="","",$E$4*3.5*'Daily Analysis'!$B$4/200*$B24)
... D62: =IF($B62="","",$E$4*3.5*'Daily Analysis'!$B$4/200*$B62)

Sheet Sauna
A1: Sauna Log · recovery, not calorie burn
A2: Tracked as a recovery habit. With high BP: keep sessions short, hydrate well, no alcohol, stop if dizzy.
A4: SUMMARY
A5: Sessions | B5: =COUNT(A13:A62) -> 0 | D5: Avg Temp (°C) | E5: =IF(COUNT(C13:C62)=0,"",ROUND(AVERAGE(C13:C62),0))
A6: Total Minutes | B6: =SUM(B13:B62) -> 0
A7: Avg Session (min) | B7: =IF(B5=0,0,ROUND(B6/B5,0)) -> 0
A12: Date | B12: Duration (min) | C12: Temp (°C) | D12: Type | E12: Feel | F12: Notes
